tier,row,old_guid,new_guid,old_sentence,new_sentence
1,4,ba)1ozSL6;,J!Qd&wGN!=,プロジェクトの更新をもらえますか？,チケットのステータスを更新してもらえますか？
1,16,GM8<I{y9df,mIY2zbF5N+,もちろんそれを手伝えます。,もちろん、手伝いますよ。
1,33,GOO[Oj}ca],g({UmDIH9,始める前に最新の変更をプルしてください。,始める前に最新の変更をプルした方がいいです。
1,35,y9(vd.6(?=,s2bb)$ytzQ,この機能用に新しいブランチを作成してください。,この機能用に新しいブランチを作成してもらえますか？
1,38,yKD7pHqbfm,y]^D219Cy=,1つの小さな変更後に承認します。,1点だけ直してもらえれば承認します。
1,42,yK|U%jPDy3,C|k&T}HxKf,テストするためにフィーチャーブランチをチェックアウトしてください。,テストするためにフィーチャーブランチをチェックアウトしてもらえますか？
1,50,NC00cw100g,"P<n8@(6H,)",その修正をリリースブランチにチェリーピックしてください。,その修正をリリースブランチにチェリーピックしてもらえますか？
1,51,"j,xLB?:5,,",m*c:s#6*`{,マージ前にコミットをスカッシュしてください。,マージ前にコミットのスカッシュをお願いします。
1,52,Ah+%@;1y2p,z-!/-K3gUG,このリリースをv2.0.0としてタグ付けしてください。,このリリースをv2.0.0としてタグ付けしてもらえますか？
1,55,PXBn-Nk33e,"yfnwl],zdW",リリース前にchangelogを更新してください。,リリース前にchangelogを更新しておいてください。
1,56,oFW}86%O8I,kWTN.WGfsS,誰がこれを書いたか見るためにgit blameを使ってください。,誰がこれを書いたか見るにはgit blameが便利です。
1,57,w2nkNFtMs8,pl#<;`W4Aj,最近の変更についてgit logを確認してください。,最近の変更についてgit logを確認してもらえますか？
1,58,I<@2}]H:Vl,jH0nAZ)ai_,コミット履歴を見てください。,コミット履歴を見てみてください。
1,60,umww6;`nc,`dGPpF!QM,提出前にupstreamと同期してください。,提出前にupstreamと同期した方がいいです。
1,63,H4D0KUN<*$,EtnyzK~|-^,プッシュ前にテストを実行してください。,プッシュ前にテストを実行しておいてください。
1,69,"do:0Zk,a7w",x`cnwopOZY,これ用に新しいコンポーネントを作成してください。,これ用に新しいコンポーネントを作成しましょう。
1,70,N1*({H@SuV,g9!6^]HoNi,使われていないインポートを削除してください。,使われていないインポートを削除してもらえますか？
1,71,BUo}MTZU$*,E/;##PU0@-,ここにエラーハンドリングを追加してください。,ここにエラーハンドリングの追加をお願いします。
1,72,l+CQ@(8p*e,In<BiEeXoI,console.log文を取り除いてください。,console.log文を取り除いてもらえますか？
1,73,C-R)=)KKw:,f<]nkM9kA,エンドポイントをPOSTを使うように変更してください。,エンドポイントをPOSTを使うように変更してもらえますか？
1,74,pn>%]PlB=&,LvAbb+neO|,キャッシュを有効にするため設定を修正してください。,キャッシュを有効にするため設定を修正してもらえますか？
1,75,kR^&Sjrqv;,"xRJOM,[4+*",依存関係を最新に更新してください。,依存関係を最新に更新した方がいいです。
1,78,Okrx]wNfjg,"Pa[x*P,Mst",他のファイルが使えるようにこの関数をエクスポートしてください。,他のファイルが使えるようにこの関数をエクスポートしてもらえますか？
1,82,Csx]~gk1-~,JnF8JU^:b!,タイムアウトを30秒に設定してください。,タイムアウトを30秒に設定してもらえますか？
1,87,A:$nTKua*q,l@W=wm;o^@,エラーを適切にハンドルしてください。,エラーを適切にハンドルすべきです。
1,89,D%vf`~7lK(,I?sr&KdQ+B,保存前に入力を検証してください。,保存前に入力を検証すべきです。
1,90,c(f?QDW}VV,f98K4r7[:~,日付をYYYY-MM-DD形式にフォーマットしてください。,日付をYYYY-MM-DD形式にフォーマットしてもらえますか？
1,100,QWS3f`x>r,fe{Pop7XB{,あなたのマシンでこれは動きますか？,そちらのマシンでは動きますか？
1,122,KzuocJ<-kp,yVBJypxIZ#,このコンポーネント用に新しいファイルを作成してください。,このコンポーネント用に新しいファイルを作成してもらえますか？
1,123,M-6i:|$r0M,xv`<-[/!p+,componentsフォルダに入れてください。,componentsフォルダに入れてもらえますか？
1,125,P@)gz?25d2,Naf5(G-@]O,この変数をより説明的にリネームしてください。,この変数をより説明的にリネームしてもらえますか？
1,126,qoSR]WeGYG,B*2?RGRXV%,これを上部で定数として定義してください。,これを上部で定数として定義した方がいいです。
1,132,zNqTw!Q##t,h0QU)bW.+.,まず値がnullかどうか確認してください。,まず値がnullかどうか確認した方がいいです。
1,135,Ma{R_PS2:<,j)a#>H<b<N,サービス用に新しいクラスを作成してください。,サービス用に新しいクラスを作成しましょう。
1,137,zaG4&Q{15:,yP?F`lVW|T,limit用にオプションのパラメータを追加してください。,limit用にオプションのパラメータを追加してもらえますか？
1,141,E23ujIC+1i,HpHCjyeJ}r,この関数をasyncにしてください。,この関数をasyncにしてもらえますか？
1,145,iNXE:q:HY<,hkjl(*y>WD,ユーザー権限を確認する条件を追加してください。,ユーザー権限を確認する条件を追加してもらえますか？
1,150,N8yV7g-GOO,tE+@_dQIT7,lodashパッケージをインストールしてください。,lodashパッケージをインストールしてもらえますか？
2,3,lT9!)$Jw2i,ug<&R8.U(o,これを次のスプリントのバックログに追加してください。,これを次のスプリントのバックログに追加してもらえますか？
2,4,I{-uw`IYLi,BAj`lm<EF$,このバグのチケットを作成してください。,このバグのチケットを作成してもらえますか？
2,5,zQXMA_v~bk,H8jR9_G!5T,これを小さなタスクに分割してください。,これを小さなタスクに分割した方がいいです。
2,25,CEJk~V[F}<,"P6,[&.hxRO",ステークホルダーから承認を得てください。,ステークホルダーから承認を得る必要があります。
2,46,JFTRA$!*Qm,M(~dTnEe$R,チケットを適切な人に割り当ててください。,チケットを適切な人に割り当ててもらえますか？
2,48,"Ouq!,Q6?bZ",NjrFN$o[1t,これまでのところ機能は良い進捗です。,今のところ機能の進捗は順調です。
2,54,n4P.>113bC,J$K8&DX57g,エラーについてレスポンスボディを確認してください。,エラーについてレスポンスボディを確認してもらえますか？
2,60,g0%)XW*E4E,N_W>l9Dk$#,認証トークンをヘッダーに追加してください。,認証トークンをヘッダーに追加してもらえますか？
2,67,ivsCrxMTm?,p>1+FwMDsT,リソースが作成されたら201を返してください。,リソースが作成されたら201を返すべきです。
2,74,Fz/0zj8{B@,iM]1xBd}fa,指数バックオフでリクエストをリトライしてください。,指数バックオフでリクエストをリトライした方がいいです。
2,79,jMZ>5m+zQz,GI%3r&.i`<,支払いイベント用にwebhookを設定してください。,支払いイベント用にwebhookを設定してもらえますか？
2,88,"s_}27V,5d/",kS.?|bF]bm,認証情報を定期的にローテーションしてください。,認証情報を定期的にローテーションしましょう。
2,93,vnS_-at^X:,l<;F0(D8K<,フロントエンドのオリジンを許可リストに追加してください。,フロントエンドのオリジンを許可リストに追加してもらえますか？
2,96,Bg/(]IZeG8,FdT&^/])Zg,十分な帯域幅があるか確認してください。,十分な帯域幅があるか確認してもらえますか？
2,98,c~kDJ0)N[2,M~|4(f?v-%,このIPアドレスをホワイトリストに追加してください。,このIPアドレスをホワイトリストに追加してもらえますか？
2,102,gVkEL3>WR^,weE`5:3)Wb,本番DBに慎重に接続してください。,本番DBへの接続は慎重にお願いします。
2,104,EbRnG/pz3?,Ql.-.@OuSy,注文用に新しいテーブルを作成してください。,注文用に新しいテーブルを作成してもらえますか？
2,105,y(5(zI$dH),tBwRF^P.n*,タイムスタンプ用に新しいカラムを追加してください。,タイムスタンプ用に新しいカラムを追加してもらえますか？
2,109,M%U0cDyj=?,hhsGzff;lM,データベーススキーマを更新してください。,データベーススキーマを更新してもらえますか？
2,110,P~Bd66=LXZ,M%9}jSvAr(,デプロイ前にマイグレーションを実行してください。,デプロイ前にマイグレーションを実行しておいてください。
2,113,pgKr1_V46C,GD&~+P4`Hx,クエリを高速化するためにインデックスを追加してください。,クエリを高速化するためにインデックスを追加しましょう。
2,116,"F,hqFnzupm",z0g@{UzLFj,ユーザーと注文の関係を定義してください。,ユーザーと注文の関係を定義してもらえますか？
2,130,g<)H^4<O|/,v5DC(q(rob,これをトランザクションでラップしてください。,これをトランザクションでラップした方がいいです。
2,135,b;46os;=tH,s>p;J0m>vt,コネクションプールのサイズを増やしてください。,コネクションプールのサイズを増やしてもらえますか？
2,136,Oc_y+023N_,lQCr2*Bl=*,レポートにはレプリカから読み取ってください。,レポートにはレプリカから読み取った方がいいです。
2,139,ABOv[jtKL2,QQ6kLQg%Xa,マイグレーション前にバックアップを取ってください。,マイグレーション前にバックアップを取っておいてください。
2,141,F3Jg~r~pv#,"r3hLy^!,d4",複雑なクエリには生のSQLを書いてください。,複雑なクエリには生のSQLを書いた方がいいです。
2,142,6)yQb*4jX,lAWkja-$lo,柔軟なスキーマにはNoSQLを使用してください。,柔軟なスキーマにはNoSQLを使用しましょう。
2,144,O<7tV!ZMGv,o`1)UXU$WF,Userモデルを定義してください。,Userモデルを定義してもらえますか？
2,147,"sqQhw7,@!H","p,EwU%jOlw",重複を避けるためにデータを正規化してください。,重複を避けるためにデータを正規化すべきです。
2,150,IUu_YbiMox,Ona>/{Q6^k,テーブルを日付でパーティションしてください。,テーブルを日付でパーティションしてもらえますか？
2,151,`^/V0Y!g>,Kh$BD;F1Vd,この関数のテストを書いてください。,この関数のテストを書いてもらえますか？
2,152,wB|Gvji|b},i7l9?]m(eO,サービス層のユニットテストを追加してください。,サービス層のユニットテストを追加してもらえますか？
2,155,i!}&BfQ$[~,"PJ,AfW+zIz",テストですべてのエッジケースをカバーしてください。,テストですべてのエッジケースをカバーすべきです。
2,156,IwAOelvhX(,"IHD,KJ@C4w",マージ前に完全なテストスイートを実行してください。,マージ前に完全なテストスイートを実行しておいてください。
2,166,GvYKSZVl7Y,Ez%^{bF}Gz,50個すべてのテストが合格しました。,50件すべてのチェックに合格しました。
2,168,Dk)4[W;EN,w!%-G9P|iB,今のところこのテストをスキップしてください。,今のところこのテストをスキップしてもらえますか？
2,169,Dai2qf!_!P,ps9u8^%.A/,このテストは不安定です。修正してください。,このテストは不安定です。修正をお願いします。
2,170,cmIgWy(h!$,"MzbEK,?!U`",このバグのリグレッションテストを追加してください。,このバグのリグレッションテストを追加してもらえますか？
2,173,Lv<XT.]7Ce,m3xURUBh#Z,デプロイ後にスモークテストを実行してください。,デプロイ後にスモークテストを実行しましょう。
2,174,K4{`-aK{!x,bT4Zxd^_xM,まず簡単なサニティチェックをしてください。,まず簡単なサニティチェックをしましょう。
2,178,G3MKlQkM`>,ML*gV]:qE},エラー用のネガティブテストを追加してください。,エラー用のネガティブテストを追加してもらえますか？
2,180,vsyE4)Xm}k,zSU}E=&ev_,限界点を見つけるためにストレステストをしてください。,限界点を見つけるためにストレステストをしましょう。
2,182,oCA>&;=(e:,r+x+I3X3rv,リリース前にUIを手動テストしてください。,リリース前にUIを手動テストした方がいいです。
2,183,N~biG)I1B3,DBT>wq@LMX,テストのためにQAに送ってください。,テストのためにQAに送ってもらえますか？
2,184,EO?H!8+t9$,cfMpp%-m/>,まずステージングでテストしてください。,まずステージングでテストした方がいいです。
2,192,jwn[OpQ1Qm,tWWxr{1hh.,詳細モードでテストを実行してください。,詳細モードでテストを実行してみてください。
2,193,lK[-V-@Get,G<b5CEzdx<,スナップショットテストを更新してください。,スナップショットテストを更新してもらえますか？
2,197,ms8Vyb6eN*,cXP9Z/YHE4,速度のためにテストを並列実行してください。,速度のためにテストを並列実行しましょう。
2,200,DzK7_h)J+$,"l6A,fp(j[e",テストレポートを生成してください。,テストレポートを生成してもらえますか？
3,2,H]Rj#m+Y5u,v@fR_Y=H1e,この変数の名前変更を検討してください。,細かい点ですが、この変数の名前変更を検討してください。
3,3,cTogp5cQ}J,JESW%~Xd`],ここにコメントを追加してください。,軽微ですが、ここにコメントを追加してください。
3,4,HU|WN[@F!!,GI1=i*r>Dn,これはメモリリークを引き起こします。,これは重大です。メモリリークを引き起こします。
3,5,oU2tw[iPPL,j6A3{IlD7^,まずセキュリティの問題を修正してください。,これはブロッカーです。まずセキュリティの問題を修正してください。
3,16,C6<j.0Y*65,hb<9%FZYxf,このPRは古くなっています。更新してください。,このPRは古くなっています。更新をお願いします。
3,20,"un}M{A$0h,",sJa7#.E^~d,スカッシュしてマージしてください。,スカッシュマージでお願いします。
3,21,ky}O~^n)Pu,zyD1;JU/qF,mainにリベースしてください。,mainにリベースしてもらえますか？
3,22,fJbq#`C^6~,i!4O-JaAkE,まずマージコンフリクトを解決してください。,まずマージコンフリクトを解決してもらえますか？
3,28,f#nP7^XJh|,"uwzm~,tV/o",マジックナンバーを避けて定数を使ってください。,マジックナンバーを避けて定数を使った方がいいです。
3,33,Ag@s_?/fkF,w^0=beR;#*,これを別の関数に抽出してください。,これを別の関数に抽出してもらえますか？
3,35,HrI}i30PY9,"iR?zc&,gDr",より説明的な名前にリネームしてください。,より説明的な名前にリネームしてもらえますか？
3,38,OvoIoT/*TE,rxSNp:c_8-,この関数をドキュメント化してください。,この関数をドキュメント化してもらえますか？
3,39,lw<Q%bg7&7,f0zNt3v+1g,理由を説明するコメントを追加してください。,理由を説明するコメントを追加してもらえますか？
3,40,n[pkQBB#/q,"h}T;,g7;y:",将来のクリーンアップのためにTODOを残してください。,将来のクリーンアップのためにTODOを残しておいてください。
3,41,yRw6YH.n;/,r?=vO;$O8H,既知の問題にFIXMEを追加してください。,既知の問題にFIXMEを追加してもらえますか？
3,47,ktS1MRRYd[,FGg?nzX]It,ここにnullチェックを追加してください。,ここにnullチェックを追加してもらえますか？
3,48,Fx;a__A^}|,cxzs_!;|R~,エラーハンドリングを改善してください。,エラーハンドリングを改善した方がいいです。
3,53,HRQt)5?Ygm,E7)j{ORCbW,ここでリポジトリパターンを使ってください。,ここはリポジトリパターンを使いましょう。
3,54,KOB^PL#3PR,Gfh``IBI&],これを小さなコンポーネントに分割してください。,これを小さなコンポーネントに分割した方がいいです。
3,55,O=H1}}d4qW,v;7=|oO];j,このロジック用にサービスを作成してください。,このロジック用にサービスを作成しましょう。
3,57,x=wo]R|/>k,C_/cd:_Tkt,認証用にミドルウェアを追加してください。,認証用にミドルウェアを追加してもらえますか？
3,58,M<^$pzA|[#,i:6?hW3n@A,データアクセス層を分離してください。,データアクセス層を分離すべきです。
3,59,l0z&VF!%ll,jK:wc|MUZL,まずインターフェースを定義してください。,まずインターフェースを定義しましょう。
3,61,y~uUC*DRz/,dzw$PP?[GF,実装の詳細をカプセル化してください。,実装の詳細をカプセル化すべきです。
3,62,t+GwdTU?T+,n1oHiTMx{M,継承より合成を優先してください。,継承より合成を優先すべきです。
3,65,J)Jl;0^OI|,C1{1_dxSN6,これをシングルトンにしてください。,これをシングルトンにしてもらえますか？
3,67,b%E(OoI/NQ,nWwkRKY4}F,オブザーバーパターンを実装してください。,オブザーバーパターンを実装してもらえますか？
3,71,l2?Oo)DUy.,cN;+kv*?_H,コードをモジュラーに保ってください。,コードはモジュラーに保つべきです。
3,73,kw?$n}C+fa,l|$|Q/eGL9,保守可能なコードを書いてください。,保守可能なコードを書きましょう。
3,81,EpAfaSMAHW,c#-a&A%Oh_,関心の分離に従ってください。,関心の分離に従うべきです。
3,83,N#mJ$96E}J,FJAG}P3:(A,SOLID原則を適用してください。,SOLID原則を適用しましょう。
3,89,"k2,}O17f,G",cZt(hk`~rk,既存のライブラリを使ってください。,既存のライブラリを使った方がいいです。
3,90,m|-9o$|g4h,iBK3b4pXk@,公式SDKを使ってください。,公式SDKを使った方がいいです。
3,92,udp[cUQ=z;,gc$Tv;fUeo,まずAPIコントラクトを定義してください。,まずAPIコントラクトを定義しましょう。
3,96,I@^|4.#:.f,uWD8{3IKz3,古いエンドポイントを非推奨にしてください。,古いエンドポイントを非推奨にしましょう。
3,97,xxa&cq)`mT,"wVia,|E/6X",このAPIは来年サンセットします。,このAPIは来年サンセット予定です。
3,98,yu^<)iZ)PN,yuYv_Heb[+,マイグレーションを慎重に計画してください。,マイグレーションを慎重に計画すべきです。
3,104,gF?BGcDK*0,"whK,}F$u,T",このためにDockerfileを作成してください。,このためにDockerfileを作成してもらえますか？
3,105,KC~PDjXKmM,"pbs,7}0d:y",新しいDockerイメージをビルドしてください。,新しいDockerイメージをビルドしてもらえますか？
3,109,A@dW>E3X3g,oAr`ukp;gy,クラスターにノードを追加してください。,クラスターにノードを追加してもらえますか？
3,111,l1$fy@*ydo,K/3@ZX;of>,新しいデプロイメントを作成してください。,新しいデプロイメントを作成してもらえますか？
3,114,D#$J]~1S/B,x8Lrvr)vl%,ステージング名前空間にデプロイしてください。,ステージング名前空間にデプロイしてもらえますか？
3,116,cT7B)DJ{IX,L}mL>q07J^,機密データはSecretsに保存してください。,機密データはSecretsに保存すべきです。
3,118,jy4j?h{EIC,xctxU$Yf}},自動デプロイ用にCI/CDを設定してください。,自動デプロイ用にCI/CDを設定しましょう。
3,120,w#XczcB[!J,xbPCN<1&4=,新しいビルドをトリガーしてください。,新しいビルドをトリガーしてもらえますか？
3,122,Ka-#lr:9MG,eSWhvuatdK,新しいリリースを作成してください。,新しいリリースを作成してもらえますか？
3,124,vsfZbZaSN),N9x<Oo(*vo,前のバージョンにロールバックしてください。,前のバージョンにロールバックしてもらえますか？
3,125,DcEAKsrG`?,"N%Lx`,zCD4",ブルーグリーンデプロイメントを使ってください。,ブルーグリーンデプロイメントを使った方がいいです。
3,126,LjnCz;wyR/,"xs,;sf^0UA",まずカナリアリリースをしてください。,まずカナリアリリースをしましょう。
3,127,Lth-0XgFpw,yjKoIS+w^G,フィーチャーフラグの後ろに隠してください。,フィーチャーフラグの後ろに隠した方がいいです。
3,128,B;x=y3ZHo`,pZbxjK-XCR,ロードバランサーの後ろに置いてください。,ロードバランサーの後ろに置いた方がいいです。
3,129,EW^m-B<Ni7,wfLc&bip5.,トラフィックスパイク用にオートスケーリングを有効にしてください。,トラフィックスパイク用にオートスケーリングを有効にしてもらえますか？
3,133,E:uh8vDF3U,OpQIOMtIGu,サーバープロビジョニングを自動化してください。,サーバープロビジョニングを自動化しましょう。
3,134,v{)T#krlb0,fB3Moh*S$&,インフラストラクチャをコードとして管理してください。,インフラストラクチャをコードとして管理すべきです。
3,136,yBtz11Bh<l,P);tJJ!>+m,新しいリソース用にTerraformを書いてください。,新しいリソース用にTerraformを書いてもらえますか？
3,138,"qUV^,D]d]5",ce{wJhuU^/,設定ファイルを更新してください。,設定ファイルを更新してもらえますか？
3,140,JTIOp*M}yx,jVBMBy[aiy,.envファイルを確認してください。,.envファイルを確認してもらえますか？
3,141,s%#{=}X?L*,b:7wds8V4),まずステージングにデプロイしてください。,まずステージングにデプロイした方がいいです。
3,144,v&7q_1r`VU,d%6]fx=_&e,まずローカルで実行してください。,まずローカルで実行した方がいいです。
3,148,j&R6=aUo!4,v:pOdNC@)-,ファイアウォールルールを確認してください。,ファイアウォールルールを確認してもらえますか？
3,149,Kk0i~K(13h,Dzf=53V89Y,セキュリティグループを更新してください。,セキュリティグループを更新してもらえますか？
3,165,r#5FWe^<~6,eR~JPhysrL,このためにIAMロールを作成してください。,このためにIAMロールを作成してもらえますか？
3,166,q}GJtX+fc^,s6r1hK~|fl,適切なIAMポリシーを付与してください。,適切なIAMポリシーを付与してもらえますか？
3,170,F&W{=Z0i`B,g.B*E&{O*<,CloudWatchアラームを設定してください。,CloudWatchアラームを設定してもらえますか？
3,177,Num+tNa!bX,J@Qjgqm9[},ヘルスチェックエンドポイントを設定してください。,ヘルスチェックエンドポイントを設定してもらえますか？
3,178,tirudchF4J,bd*UJ:Be$@,複数のAZにデプロイしてください。,複数のAZにデプロイすべきです。
3,182,I:j0uWL}&Z,HkOt8E;Jpg,インターネットゲートウェイを接続してください。,インターネットゲートウェイを接続してもらえますか？
3,183,h;8rj{>)G;,AIBUI!_t4?,EBSボリュームを接続してください。,EBSボリュームを接続してもらえますか？
3,184,tTh_-9yYRU,e<qu$d?J^P,変更前にスナップショットを取ってください。,変更前にスナップショットを取っておいてください。
3,185,yFfpbzVX1A,LFN9B)U&lQ,このインスタンスからAMIを作成してください。,このインスタンスからAMIを作成してもらえますか？
3,200,buhc[NO!<,yn@ByE:$F!,Cost Explorerでコストを確認してください。,Cost Explorerでコストを確認してもらえますか？
3,202,m5?jqa^^p0,(je*0ly;C,このクエリを最適化してください。,このクエリを最適化してもらえますか？
3,204,Mq=%PUaRL,"x,pD?,jS;z",APIを速くしてください。,APIをもっと速くする必要があります。
3,205,uE<6C;e1.9,hqw_-Vq<*C,レイテンシーを削減してください。,レイテンシーを削減する必要があります。
3,207,Cv|60$I3ZQ,c%|e#oj>q<,スループットを向上させてください。,スループットを向上させてもらえますか？
3,209,wleyS[bjcF,"B,-fzc{!%I",問題を見つけるためにコードをプロファイルしてください。,問題を見つけるためにコードをプロファイルしましょう。
3,210,faPV3^Ir6X,FB|:sEVKoT,変更前後でベンチマークを実行してください。,変更前後でベンチマークを実行しましょう。
3,211,r6>]~x<>17,F^&Z-5u/00,このメトリクスを追跡してください。,このメトリクスを追跡してもらえますか？
3,212,m==^O(0F{y,dSym&WLxb),モニタリングダッシュボードを確認してください。,モニタリングダッシュボードを確認してもらえますか？
3,213,yx@(%87oh5,n2pP)#GU+0,エラー用にアラートを設定してください。,エラー用にアラートを設定しておいてください。
3,216,g=eT`YpQ1k,x^5P_5Eo?z,可観測性を改善してください。,可観測性を改善しましょう。
3,217,oZew3l[G]M,gU>Ltu=Z.,ロギングを追加してください。,ロギングを追加してもらえますか？
3,218,c{B1N<RfJK,"PLg<,Hyerv",分散トレーシングを使ってください。,分散トレーシングを使いましょう。
3,220,"j,3YNtI|Rt",N7#1(<?E#o,ログでトレースIDを探してください。,ログでトレースIDを探してもらえますか？
3,221,KubZMLtvxB,O4&[eYBA6j,インサイトのためにAPMを確認してください。,インサイトのためにAPMを確認してもらえますか？
3,225,bg{nx4GeeY,mYu*T7bq9),Grafanaでダッシュボードを作成してください。,Grafanaでダッシュボードを作成しましょう。
3,228,d;gvWr(36:,p%}Xj55a!V,99.9%のアップタイムを維持してください。,99.9%のアップタイムを維持すべきです。
3,231,wZ?}FoWuDh,"PIO,^u@iIB",サービスのSLOを定義してください。,サービスのSLOを定義しましょう。
3,236,P`Wxk&j=ke,LU@1|Kcf)T,99パーセンタイルを確認してください。,99パーセンタイルを確認してもらえますか？
3,241,j3s!9n=#a(,oa^:B>%M~b,インシデントのポストモーテムを書いてください。,インシデントのポストモーテムを書きましょう。
3,242,dio58(3CHt,mk~=)H|D?Y,根本原因分析を行ってください。,根本原因分析を行いましょう。
3,245,f&9)$M|C|2,Jj5XuASFxL,シニアエンジニアにエスカレーションしてください。,シニアエンジニアにエスカレーションしてもらえますか？
3,247,j*Zbm9f/px,pUHI?B2#8!,インシデントプレイブックを確認してください。,インシデントプレイブックを確認してもらえますか？
4,1,OLjo29sN[7,cqAbz^>k39,レスポンスを5分間キャッシュしてください。,レスポンスを5分間キャッシュしてもらえますか？
4,5,c#wv1ilkVO,Nb6Db/{Q@N,TTLを1時間に設定してください。,TTLを1時間に設定してもらえますか？
4,8,P`+2~KN4Tu,J&;FT-K4@!,キャッシュにはRedisを使ってください。,キャッシュにはRedisを使った方がいいです。
4,10,JR(g4Zp8TT,tlUy3}E#zC,静的ファイルはCDNから配信してください。,静的ファイルはCDNから配信すべきです。
4,12,"J[M-,>f!}i",r(L]c@XC85,ローンチ前にキャッシュをウォームアップしてください。,ローンチ前にキャッシュをウォームアップしておいてください。
4,21,ix!;~!1hHS,B>wbg@BmHc,パフォーマンス向上のためにIOPSを増やしてください。,パフォーマンス向上のためにIOPSを増やしてもらえますか？
4,23,k2JtynJh0#,r%~fS_8Vk7,クロスリージョンレプリケーションを有効にしてください。,クロスリージョンレプリケーションを有効にしてもらえますか？
4,27,n@|?ete%Bc,F5!6xwPod;,高可用性のために設計してください。,高可用性のために設計すべきです。
4,28,HxQYGO3y5n,y<N(_V((-A,冗長性を組み込んでください。,冗長性を組み込んだ方がいいです。
4,29,n4!O5T6D7C,D0Zwwk}E`],毎日のバックアップをスケジュールしてください。,毎日のバックアップをスケジュールしましょう。
4,33,v$buHD&Yao,xs!ejcvF%;,誰かがエクスプロイトする前にパッチを当ててください。,エクスプロイトが公開される前にパッチを当ててください。
4,36,E~QyqP~.m[,xVqH.>WfpK,保存時にデータを暗号化してください。,保存時にデータを暗号化すべきです。
4,41,i`?..T?hxw,t+Jl53TjVv,TLS 1.3を使ってください。,TLS 1.3を使った方がいいです。
4,42,qv-G+#z@l+,d^|`hTumBu,常にHTTPSを使ってください。,常にHTTPSを使うべきです。
4,43,yrq[@6g%c#,hn2Aayat}},SSL証明書を更新してください。,SSL証明書を更新してもらえますか？
4,44,h5QB#Y;aQJ,"QziGcm3o3,",二要素認証を実装してください。,二要素認証を実装しましょう。
4,46,O$Z=5h#hE>,k89}s~ST+7,ロールベースのアクセス制御を実装してください。,ロールベースのアクセス制御を実装しましょう。
4,49,"u>DP71O,wG",fS?poGdb!A,最小権限の原則を使ってください。,最小権限の原則に従うべきです。
4,55,k=xY3|]|>$,F/XdS?nbr`,CSRF保護を追加してください。,CSRF保護を追加してもらえますか？
4,56,CY+&pc&9<y,maU%fb:y%X,パラメータ化されたクエリを使ってください。,パラメータ化されたクエリを使うべきです。
4,58,Q;mA8J/mHM,N=|FPIDT#N,すべてのユーザー入力をサニタイズしてください。,すべてのユーザー入力をサニタイズすべきです。
4,59,zE]*kI3e@A,xr0y+1Q%5),サーバーで入力を検証してください。,サーバーで入力を検証すべきです。
4,62,IpYuAciLu%,mJIjFYc#4o,既知の悪いIPをブラックリストに追加してください。,既知の悪いIPをブラックリストに追加してもらえますか？
4,63,hu3>W;/=j~,fsc8leorh|,ファイアウォールルールを設定してください。,ファイアウォールルールを設定してもらえますか？
4,64,Mp+31}S^<K,"kX5X_,V!f9",保護のためにWAFをデプロイしてください。,保護のためにWAFをデプロイしましょう。
4,66,q]@K!;}vXp,y[p$8D^alg,レート制限を実装してください。,レート制限を実装しましょう。
4,68,"I(=O0:[g,~",KlX3{2OGE!,監査ログを有効にしてください。,監査ログを有効にしてもらえますか？
4,69,DpGyJ.q//;,m5R[l(6Y1C,コンプライアンス要件を満たしてください。,コンプライアンス要件を満たすべきです。
4,72,DFU2pfykro,bIK)Tw@I;G,SOC 2監査に合格してください。,SOC 2監査に合格する必要があります。
4,73,B!K(ar=p/K,_z5@W)I!Y,ペネトレーションテストをスケジュールしてください。,ペネトレーションテストをスケジュールしましょう。
4,74,o:sn6~2o:p,k6_ykyB_iK,脆弱性スキャンを実行してください。,脆弱性スキャンを実行しましょう。
4,76,vFF[Z/%!Ju,B+gUT/v6};,キーローテーションを実装してください。,キーローテーションを実装しましょう。
4,77,Ob*Ng..hvz,zs!5c{_Ac),すべてのユーザーにMFAを有効にしてください。,すべてのユーザーにMFAを有効にしてもらえますか？
4,79,s?e]-8ZOk#,MtretJx6;F,エンタープライズ向けにSAMLを統合してください。,エンタープライズ向けにSAMLを統合してもらえますか？
4,84,k%JDK2J?0$,nDnD>s[-+l,UIデザインを改善してください。,UIデザインを改善しましょう。
4,85,EAwp3PD(dK,v1{Opf6HWA,より良いUXに集中してください。,より良いUXに集中しましょう。
4,86,o&}16nV!$H,"u,sKM0%CXo",再利用可能なコンポーネントを作成してください。,再利用可能なコンポーネントを作成しましょう。
4,89,x3!ngPG}Cm,l(P-ATNJ)B,カスタムhookを使ってください。,カスタムhookを使った方がいいです。
4,94,H&jgPK^erX,yVEXD)<}=_,イベントリスナーを追加してください。,イベントリスナーを追加してもらえますか？
4,95,oQ0B{L.~cq,q30F>Mv|EQ,イベントハンドラーを書いてください。,イベントハンドラーを書いてもらえますか？
4,100,q`ho(HdI*z,Fyqh3RrA(q,SEOにはSSRを使ってください。,SEOにはSSRを使った方がいいです。
4,101,c{I`qiNQ_F,jE7^u]BI+B,CSRは初回後より速く読み込みます。,CSRは初回以降の読み込みが速いです。
4,103,bH.|R-Gf|b,E6A.#Ak]qQ,遅延読み込みを実装してください。,遅延読み込みを実装しましょう。
4,104,w{nL[zP4hv,ppNezS51FG,コード分割を使ってください。,コード分割を使いましょう。
4,106,i0:7hZC[RV,"uUvF2V!;,8",本番用にJavaScriptを最小化してください。,本番用にJavaScriptを最小化すべきです。
4,108,c3Nd3{_$G4,tt:Fx<2EnV,webpackを設定してください。,webpackを設定してもらえますか？
4,110,uCHP`|5b9A,KEC~^V)O`t,モバイル用にレスポンシブにしてください。,モバイル用にレスポンシブにしてもらえますか？
4,111,ti+]rMjR2R,c*`DA$E!*u,モバイルブレークポイントを追加してください。,モバイルブレークポイントを追加してもらえますか？
4,112,qb:b/V1L~o,da!Ke8h:Je,クリーンなCSSを書いてください。,クリーンなCSSを書きましょう。
4,113,AySC~<h_VU,k._-^yWlkT,レイアウトにはFlexboxを使ってください。,レイアウトにはFlexboxを使った方がいいです。
4,115,C>S&(6Pscs,Pk>Fo}eoK<,控えめなアニメーションを追加してください。,控えめなアニメーションを追加してもらえますか？
4,117,N|kw!wutp6,"f)Z:ljo;,g",アクセシビリティのコンプライアンスを確保してください。,アクセシビリティのコンプライアンスを確保すべきです。
4,118,b.335)}-%x,rMku-uZd=q,Lighthouseでa11yをチェックしてください。,Lighthouseでa11yをチェックしてもらえますか？
4,119,ul9_E(}7mP,s]3CwIkCCe,ARIAラベルを追加してください。,ARIAラベルを追加してもらえますか？
4,120,kL][u)540r,E&##n_Bkl&,SEO用に最適化してください。,SEO用に最適化しましょう。
4,121,f<VA~4!./;,lfU.+.y<wl,共有用にメタタグを追加してください。,共有用にメタタグを追加してもらえますか？
4,124,Kr{!;n%7FJ,o~u+P2dM92,フォーム入力を検証してください。,フォーム入力を検証すべきです。
4,125,"j*>{,J;-iA",xyz7R|kk)p,入力フィールドにスタイルを当ててください。,入力フィールドにスタイルを当ててもらえますか？
4,126,G^Z2PNVAn&,bJ4JT$E@XL,クライアント側の検証を追加してください。,クライアント側の検証を追加してもらえますか？
4,128,od|yEND(4$,M!}8r>xptq,確認モーダルを表示してください。,確認モーダルを表示してもらえますか？
4,129,FssN<1AU&b,euIPOi!gvY,成功トーストを表示してください。,成功トーストを表示してもらえますか？
4,131,yf!r8Mo@%e,n<P~]Z+}{[,開発サーバーを起動してください。,開発サーバーを起動してもらえますか？
4,132,Hwm!kq.QlJ,jhgN8$WAD|,REST APIを設計してください。,REST APIを設計しましょう。
4,133,p&-(N|FKmO,l.8s@pI]Ze,新しいエンドポイントを作成してください。,新しいエンドポイントを作成してもらえますか？
4,136,GAfP++cm^S,C~U@K`zJW+,ロジックをコントローラーに移動してください。,ロジックをコントローラーに移動してもらえますか？
4,137,cd<F^6LWpm,K!Q.]=__tP,ユーザーサービスを作成してください。,ユーザーサービスを作成してもらえますか？
4,142,IZ]Ac[I6p(,GTGlC-GYS~,認証ミドルウェアを追加してください。,認証ミドルウェアを追加してもらえますか？
4,146,IWtbtOINgB,"Cn`~?T,#i;",サーバー側の検証を行ってください。,サーバー側の検証を行うべきです。
4,149,y?(duFF1l2,K@SNN9M)Tj,ORMとしてPrismaを使ってください。,ORMとしてPrismaを使った方がいいです。
4,150,"n,iWe6ocx7",E?`8lly<1o,クエリビルダーを使ってください。,クエリビルダーを使った方がいいです。
4,151,fgo*~;!L|7,x~0bGa*nW!,生のSQLクエリを書いてください。,生のSQLクエリを書いてもらえますか？
4,152,"d,~g%#`?&|",NP`}9a2/B-,データベース接続をプールしてください。,データベース接続をプールすべきです。
4,153,k@rhxML0b1,_({9!6&gB,コネクションプールを設定してください。,コネクションプールを設定してもらえますか？
4,154,Hp2`L%y-Nc,CB^ZnLSdGr,これにはトランザクションを使ってください。,これにはトランザクションを使った方がいいです。
4,158,%flxCUmc*,"PI:S/E?U0,",非同期ジョブを作成してください。,非同期ジョブを作成してもらえますか？
4,160,t>E;.@qWU8,bRQsv2JRyy,cronジョブを設定してください。,cronジョブを設定してもらえますか？
4,162,d@j/5n:%%z,LU|zfq;Xeh,ページネーションを実装してください。,ページネーションを実装しましょう。
4,163,jC=0c#1Z2:,H!o&u(Dz-a,カーソルページネーションを使ってください。,カーソルページネーションを使った方がいいです。
4,165,eHqHi&O;~e,"hW,4`It/Du",結果を100件に制限してください。,結果を100件に制限してもらえますか？
4,168,lV~VzJKy+y,d%TIOyah|S,全文検索を実装してください。,全文検索を実装しましょう。
4,169,s[E}jbg.c!,qTZJu;J!EX,検索インデックスを追加してください。,検索インデックスを追加してもらえますか？
4,170,KG<=F+xEOw,sz-NA0l+fQ,メトリクスを集計してください。,メトリクスを集計してもらえますか？
4,172,o4p8}hYC|4,"F,WQLgb~v(",注文金額を合計してください。,注文金額を合計してもらえますか？
4,173,jt3Zp>=Q)Y,"dt,M{710Q,",平均評価を計算してください。,平均評価を計算してもらえますか？
4,181,sPb?7f.G{H,c)3!PYlr7h,ETLパイプラインを構築してください。,ETLパイプラインを構築しましょう。
4,187,H?VXIM:Aw1,P*@+gp2`Ly,夜間にバッチ処理をしてください。,夜間にバッチ処理をしましょう。
4,191,eOqt}e&_=9,Q:V-(SUtje,データスキーマを定義してください。,データスキーマを定義してもらえますか？
4,192,u2]>d}sK=U,"Ao|bqs|,9k",Parquet形式を使ってください。,Parquet形式を使った方がいいです。
4,193,wU]dcKV:pn,FyEg;#kZm&,CSVにエクスポートしてください。,CSVにエクスポートしてもらえますか？
4,195,kK-TVrYt,A2i>lK4@_(,XMLをJSONに変換してください。,XMLをJSONに変換してもらえますか？
4,198,wysAS]C]K`,tO3Wug3bCg,レコードの重複を排除してください。,レコードの重複を排除してもらえますか？
4,199,g:0uOE=hDn,b;#Yz8&^Q[,データ品質を検証してください。,データ品質を検証すべきです。
4,200,i4F3qy$F98,x|W_2#3uD),データセットをクレンジングしてください。,データセットをクレンジングしてもらえますか？
5,2,I9Q1T$>cPK,B#Jj.fkF~1,丁重に異議を唱えます。,すみませんが、この点には異議があります。
5,6,rmL(t]Nctv,Pg=Y_>I`oC,これについてどう思いますか？,これについて意見を聞かせてもらえますか？
5,23,f><bnLDzjL,x1frA4TEK;,まず整合性を取りましょう。,まず認識合わせをしましょう。
5,31,QDQmsZ?2I8,i?ASXeNYdd,利益は明らかです。,メリットは明らかです。
5,38,qA$;Sa(iNE,LQ.e`j43=X,これは修正が重大です。,これは重大なので、すぐに修正が必要です。
5,42,s!#7Y4x2CK,r%f#=1.385,これは厳しい要件ですか？,これは必須の要件ですか？
5,63,tx{<a-C|w},K%FuEgX=Wx,事前通知です、午後3時にデプロイします。,リリースの事前通知をユーザーに送ってください。
5,83,gUB8!Dps8&,q*fF))Dj=Q,同意なら絵文字でリアクトしてください。,同意なら絵文字でリアクションしてください。
5,87,sQ5Io%/1cw,c6;?+%u([!,その会議は辞退する必要があります。,その会議は欠席させてください。
5,99,"i,DxTlRc]a",r?!@9H`A_7,簡単な同期コールが必要です。,軽く同期を取るために通話しましょう。
6,25,J0z{x$Z:8r,vC_#>R*c6S,重要な持ち帰りは...,一旦持ち帰って検討します。
6,59,s/sSRG%P1q,i+T[tlMxvs,まだコードベースに立ち上がり中です。,まだコードベースをキャッチアップ中です。
6,74,im^f9`3b<2,L$L~x$}nrw,責任をオーナーシップしてください。,担当タスクには最後まで責任を持ってください。
6,76,E$2=GNJ!{=,NWEwM<cwo`,主導権を発揮してください。,主導権を握ってプロジェクトを進めてください。
6,86,"c3}cbs^N,z",LRHgdfx]k|,信頼できて一貫性を持ってください。,信頼できる人になるには、一貫性が大切です。
6,91,q3!(H}E|}v,z^(0bYR=Ch,議論で包括的になってください。,包括的なレビューをお願いします。
6,97,fTK4>mi#>u,fz#!pZl_`C,バグに忍耐を持ってください。,デバッグには忍耐が必要です。
6,100,N_%@/j(Ad-,jJl+&gDa|.,あなたは成功します！,この方法なら成功すると思います。
9,20,gI+0g*:#FE,fD5D;gI_YR,ドキュメントは腐敗しやすいですがテストは嘘をつけません。,ドキュメントは腐りやすいですがテストは嘘をつけません。
