tier,row,sentence,expected,transcript,kana_expected,kana_transcript,edit_distance,length_delta,status
1,2,今ログインのバグに取り組んでいます。,今ログインのバグに取り組んでいます。,今ログインのバグに取り組んでいます,イマログインノバグニトリクンデイマス,イマログインノバグニトリクンデイマス,0,0,OK
1,7,モバイルで動くか確認してもらえますか？,モバイルで動くか確認してもらえますか？,モバイルで動くか確認してもらえますか,モバイルデウゴクカカクニンシテモラエマスカ,モバイルデウゴクカカクニンシテモラエマスカ,0,0,OK
1,14,なるほど、説明ありがとうございます。,なるほど、説明ありがとうございます。,なるほど説明ありがとうございます,ナルホドセツメイアリガトウゴザイマス,ナルホドセツメイアリガトウゴザイマス,0,0,OK
1,15,了解、今から始めます。,了解、今から始めます。,了解、今から始めます,リョウカイイマカラハジメマス,リョウカイイマカラハジメマス,0,0,OK
1,24,ビルドはまだ実行中です。,ビルドは、まだ実行中です。,ビルドはまだ実行中です,ビルドハマダジッコウチュウデス,ビルドハマダジッコウチュウデス,0,0,OK
1,40,コンフリクトを解決しました。再レビューお願いします。,コンフリクトを解決しました。再レビューお願いします。,コンフリクトを解決しました再レビューお願いします,コンフリクトヲカイケツシマシタサイレビューオネガイシマス,コンフリクトヲカイケツシマシタサイレビューオネガイシマス,0,0,OK
1,44,差分は小さく、20行だけです。,差分は小さく、20行だけです。,サブンは小さく、20行だけです。,サブンハチイサクギョウダケデス,サブンハチイサクギョウダケデス,0,0,OK
1,52,このリリースをv2.0.0としてタグ付けしてください。,このリリースをバージョン2.0.0としてタグ付けしてください。,このリリースをバージョン2.0.0としてタグ付けしてください,コノリリースヲバージョントシテタグツケシテクダサイ,コノリリースヲバージョントシテタグツケシテクダサイ,0,0,OK
1,55,リリース前にchangelogを更新してください。,リリース前にチェンジログを更新してください。,リリース前にチェンジログを更新してください,リリースマエニチェンジログヲコウシンシテクダサイ,リリースマエニチェンジログヲコウシンシテクダサイ,0,0,OK
1,62,型エラーのためビルドが失敗しました。,かたエラーのためビルドが失敗しました。,カタエラーのためビルドが失敗しました,カタエラーノタメビルドガシッパイシマシタ,カタエラーノタメビルドガシッパイシマシタ,0,0,OK
1,65,午前中ずっとこれをデバッグしていました。,午前中ずっとこれをデバッグしていました。,午前中ずっとこれをデバッグしていました,ゴゼンチュウズットコレヲデバッグシテイマシタ,ゴゼンチュウズットコレヲデバッグシテイマシタ,0,0,OK
1,66,明日新機能を実装します。,明日新機能を実装します。,明日新機能を実装します,アスシンキノウヲジッソウシマス,アスシンキノウヲジッソウシマス,0,0,OK
1,89,保存前に入力を検証してください。,保存前に入力を検証してください。,保存前に入力を検証してください,ホゾンマエニニュウリョクヲケンショウシテクダサイ,ホゾンマエニニュウリョクヲケンショウシテクダサイ,0,0,OK
1,94,この変更は既存の機能を壊すかもしれません。,この変更は、きそんの機能を壊すかもしれません。,この変更は既存の機能を壊すかもしれません,コノヘンコウハキソンノキノウヲコワスカモシレマセン,コノヘンコウハキソンノキノウヲコワスカモシレマセン,0,0,OK
1,97,デプロイが失敗しました。今ログを確認中です。,デプロイが失敗しました。今ログを確認中です。,デプロイが失敗しました イマログを確認中です,デプロイガシッパイシマシタイマログヲカクニンチュウデス,デプロイガシッパイシマシタイマログヲカクニンチュウデス,0,0,OK
1,111,恒久的な解決策が必要です。,恒久的な解決策が必要です。,高級的な解決策が必要です,コウキュウテキナカイケツサクガヒツヨウデス,コウキュウテキナカイケツサクガヒツヨウデス,0,0,OK
1,115,バグを再現できますか？,バグを再現できますか？,バグを再現できますか。,バグヲサイゲンデキマスカ,バグヲサイゲンデキマスカ,0,0,OK
1,119,今日この問題を調査します。,今日この問題を調査します。,強固の問題を調査します,キョウコノモンダイヲチョウサシマス,キョウコノモンダイヲチョウサシマス,0,0,OK
1,121,コードはクリーンで読みやすく見えます。,コードはクリーンで読みやすく見えます。,コードはクリーンで読みやすく見えます,コードハクリーンデヨミヤスクミエマス,コードハクリーンデヨミヤスクミエマス,0,0,OK
1,125,この変数をより説明的にリネームしてください。,この変数をより説明的にリネームしてください。,この変数をより説明的にリネームしてください。,コノヘンスウヲヨリセツメイテキニリネームシテクダサイ,コノヘンスウヲヨリセツメイテキニリネームシテクダサイ,0,0,OK
1,131,レスポンスはJSONオブジェクトです。,レスポンスはジェイソンオブジェクトです。,レスポンスはJSONオブジェクトです,レスポンスハジェイソンオブジェクトデス,レスポンスハオブジェクトデス,5,5,LIKELY_ELISION
1,132,まず値がnullかどうか確認してください。,まず値がナルかどうか確認してください。,まず値がなるかどうか確認してください,マズアタイガナルカドウカカクニンシテクダサイ,マズアタイガナルカドウカカクニンシテクダサイ,0,0,OK
1,136,検証後にsaveメソッドを呼び出してください。,検証後にセーブメソッドを呼び出してください。,検証後にセーブメソッドを呼び出してください,ケンショウゴニセーブメソッドヲヨビダシテクダサイ,ケンショウゴニセーブメソッドヲヨビダシテクダサイ,0,0,OK
1,139,この関数は何を返しますか？,この関数は何を返しますか？,この関数は何を返しますか。,コノカンスウハナンヲカエシマスカ,コノカンスウハナンヲカエシマスカ,0,0,OK
1,142,続行する前にAPIレスポンスをawaitしてください。,続行する前にエーピーアイレスポンスをアウェイトしてください。,続行する前にAPIレスポンスをアウエーとしてください,ゾッコウスルマエニエーピーアイレスポンスヲアウェイトシテクダサイ,ゾッコウスルマエニレスポンスヲアウエートシテクダサイ,8,6,LIKELY_ELISION
1,143,この関数はpromiseを返します。,この関数はプロミスを返します。,この関数は、プロミスを返します。,コノカンスウハプロミスヲカエシマス,コノカンスウハプロミスヲカエシマス,0,0,OK
1,146,両方のケースを処理するためにif/elseを使ってください。,両方のケースを処理するためにイフ/エルスを使ってください。,両方のケースを処理するためにフエルスを使ってください,リョウホウノケースヲショリスルタメニイフエルスヲツカッテクダサイ,リョウホウノケースヲショリスルタメニフエルスヲツカッテクダサイ,1,1,MISMATCH
1,147,ファイルの上部でReactをインポートしてください。,ファイルの上部でリアクトをインポートしてください。,ファイルの上部でリアクトをインポートしてください。,ファイルノジョウブデリアクトヲインポートシテクダサイ,ファイルノジョウブデリアクトヲインポートシテクダサイ,0,0,OK
2,5,これを小さなタスクに分割してください。,これを小さなタスクに分割してください。,これを小さなタスクに分割してください,コレヲチイサナタスクニブンカツシテクダサイ,コレヲチイサナタスクニブンカツシテクダサイ,0,0,OK
2,12,デザイン仕様を待ってブロックされています。,デザイン仕様を待ってブロックされています。,デザイン仕様を待ってブロックされています,デザインシヨウヲマッテブロックサレテイマス,デザインシヨウヲマッテブロックサレテイマス,0,0,OK
2,14,このタスクはAPI作業に依存関係があります。,このタスクはエーピーアイ作業に依存関係があります。,このタスクは API 作業に依存関係があります,コノタスクハエーピーアイサギョウニイゾンカンケイガアリマス,コノタスクハサギョウニイゾンカンケイガアリマス,6,6,LIKELY_ELISION
2,26,要件はまだ不明確です。,要件は、まだ不明確です。,要件はまだ不明確です,ヨウケンハマダフメイカクデス,ヨウケンハマダフメイカクデス,0,0,OK
2,29,このプロジェクトのタイムラインは何ですか？,このプロジェクトのタイムラインは何ですか？,このプロジェクトのタイムラインは何ですか,コノプロジェクトノタイムラインハナンデスカ,コノプロジェクトノタイムラインハナンデスカ,0,0,OK
2,37,これについて簡単に同期しましょう。,これについて簡単に同期しましょう。,これについて簡単に同期しましょう,コレニツイテカンタンニドウキシマショウ,コレニツイテカンタンニドウキシマショウ,0,0,OK
2,40,今朝のスタンドアップで言及しました。,今朝のスタンドアップで言及しました。,ケサのスタンドアップで研究しました,ケサノスタンドアップデゲンキュウシマシタ,ケサノスタンドアップデケンキュウシマシタ,1,0,MISMATCH
2,42,今日は連続した会議があります。,今日は連続した会議があります。,今日は連続した会議があります,キョウハレンゾクシタカイギガアリマス,キョウハレンゾクシタカイギガアリマス,0,0,OK
2,44,私のアクションアイテムはドキュメントを更新することです。,私のアクションアイテムはドキュメントを更新することです。,私 の アクション アイテム は キュメント を 更新 する こと です,ワタクシノアクションアイテムハドキュメントヲコウシンスルコトデス,ワタクシノアクションアイテムハキュメントヲコウシンスルコトデス,1,1,MISMATCH
2,49,プロジェクトはリリースに向けて順調です。,プロジェクトはリリースに向けて順調です。,プロジェクトはリースに向けて順調です,プロジェクトハリリースニムケテジュンチョウデス,プロジェクトハリースニムケテジュンチョウデス,1,1,MISMATCH
2,51,APIはユーザーデータをJSONで返します。,エーピーアイはユーザーデータをジェイソンで返します。,APIはウザーデータをJSONで返します,エーピーアイハユーザーデータヲジェイソンデカエシマス,ハウザーデータヲデカエシマス,13,12,LIKELY_ELISION
2,52,リストを取得するために/usersエンドポイントを呼び出してください。,リストを取得するために/ユーザーズエンドポイントを呼び出してください。,リストを取得するためにユーザーズ エンドポイントを呼び出してください,リストヲシュトクスルタメニユーザーズエンドポイントヲヨビダシテクダサイ,リストヲシュトクスルタメニユーザーズエンドポイントヲヨビダシテクダサイ,0,0,OK
2,57,完全な更新にはPUTを使用してください。,完全な更新にはプットを使用してください。,完全な更新にはプットを使用してください,カンゼンナコウシンニハプットヲシヨウシテクダサイ,カンゼンナコウシンニハプットヲシヨウシテクダサイ,0,0,OK
2,60,認証トークンをヘッダーに追加してください。,認証トークンをヘッダーに追加してください。,認証トークンをヘッダーに追加してください,ニンショウトークンヲヘッダーニツイカシテクダサイ,ニンショウトークンヲヘッダーニツイカシテクダサイ,0,0,OK
2,68,バリデーションエラーには400を返してください。,バリデーションエラーには400を返してください。,バリデーションエラーには客を返してください,バリデーションエラーニハヲカエシテクダサイ,バリデーションエラーニハキャクヲカエシテクダサイ,3,-3,MISMATCH
2,74,指数バックオフでリクエストをリトライしてください。,指数バックオフでリクエストをリトライしてください。,指数バックオフでリクエストをリトライしてください,シスウバックオフデリクエストヲリトライシテクダサイ,シスウバックオフデリクエストヲリトライシテクダサイ,0,0,OK
2,75,APIのレート制限に達しました。,エーピーアイのレート制限に達しました。,APIのレート制限に達しました,エーピーアイノレートセイゲンニタッシマシタ,ノレートセイゲンニタッシマシタ,6,6,LIKELY_ELISION
2,79,支払いイベント用にwebhookを設定してください。,支払いイベント用にウェブフックを設定してください。,支払いイベント用にウェブフックを設定してください,シハライイベントヨウニウェブフックヲセッテイシテクダサイ,シハライイベントヨウニウェブフックヲセッテイシテクダサイ,0,0,OK
2,80,設定でコールバックURLを設定してください。,設定でコールバックユーアールエルを設定してください。,設定でコールバックURLを設定してください。,セッテイデコールバックユーアールエルヲセッテイシテクダサイ,セッテイデコールバックヲセッテイシテクダサイ,7,7,LIKELY_ELISION
2,85,ソーシャルログイン用にOAuthを実装してください。,ソーシャルログイン用にオーオースを実装してください。,ソーシャルログイン用にOSを実装してください。,ソーシャルログインヨウニオオオースヲジッソウシテクダサイ,ソーシャルログインヨウニヲジッソウシテクダサイ,5,5,LIKELY_ELISION
2,98,このIPアドレスをホワイトリストに追加してください。,このアイピーアドレスをホワイトリストに追加してください。,この ip アドレスをホワイトリストに追加してください,コノアイピーアドレスヲホワイトリストニツイカシテクダサイ,コノアドレスヲホワイトリストニツイカシテクダサイ,4,4,LIKELY_ELISION
2,106,テーブルには数百万の行があります。,テーブルには数百万の行があります。,テーブルには数百万の業があります,テーブルニハスウヒャクマンノギョウガアリマス,テーブルニハスウヒャクマンノゴウガアリマス,2,1,MISMATCH
2,108,メールフィールドは一意であるべきです。,メールフィールドは一意であるべきです。,メールフィールドはチーであるべきです,メールフィールドハイチイデアルベキデス,メールフィールドハチーデアルベキデス,2,1,MISMATCH
2,113,クエリを高速化するためにインデックスを追加してください。,クエリを高速化するためにインデックスを追加してください。,クエリーを高速化するためにインデックスを追加してください,クエリヲコウソクカスルタメニインデックスヲツイカシテクダサイ,クエリーヲコウソクカスルタメニインデックスヲツイカシテクダサイ,1,-1,MISMATCH
2,121,内部結合は一致しない行を除外します。,内部結合は一致しない行を除外します。,内部結合は、血しない行を除外します。,ナイブケツゴウハイッチシナイギョウヲジョガイシマス,ナイブケツゴウハチシナイギョウヲジョガイシマス,2,2,LIKELY_ELISION
2,134,行が別のクエリによってロックされています。,行が別のクエリによってロックされています。,業が別のクエリーによってロックされています,ギョウガベツノクエリニヨッテロックサレテイマス,ゴウガベツノクエリーニヨッテロックサレテイマス,3,0,MISMATCH
2,136,レポートにはレプリカから読み取ってください。,レポートにはレプリカから読み取ってください。,レポートにはエプリカから読み取ってください,レポートニハレプリカカラヨミトッテクダサイ,レポートニハエプリカカラヨミトッテクダサイ,1,0,MISMATCH
2,138,プライマリが停止したらレプリカにフェイルオーバーしてください。,プライマリが停止したらレプリカにフェイルオーバーしてください。,プライマリーが停止したらレプリカにフェールオーバーしてください,プライマリガテイシシタラレプリカニフェイルオーバーシテクダサイ,プライマリーガテイシシタラレプリカニフェールオーバーシテクダサイ,2,-1,MISMATCH
2,143,ORMはクエリを簡単にします。,オーアールエムはクエリを簡単にします。,ORMはクエリを簡単にします,オーアールエムハクエリヲカンタンニシマス,ハクエリヲカンタンニシマス,7,7,LIKELY_ELISION
2,164,ティアダウンはテスト後にクリーンアップします。,ティアダウンはテスト後にクリーンアップします。,ティアダウンはストゴにクリーンアップします,ティアダウンハテストゴニクリーンアップシマス,ティアダウンハストゴニクリーンアップシマス,1,1,MISMATCH
2,169,このテストは不安定です。修正してください。,このテストは不安定です。修正してください。,このテストは不安定です修正してください,コノテストハフアンテイデスシュウセイシテクダサイ,コノテストハフアンテイデスシュウセイシテクダサイ,0,0,OK
2,174,まず簡単なサニティチェックをしてください。,まず簡単なサニティチェックをしてください。,まず簡単なサニティチェックをしてください。,マズカンタンナサニティチェックヲシテクダサイ,マズカンタンナサニティチェックヲシテクダサイ,0,0,OK
2,177,境界条件をテストしてください。,境界条件をテストしてください。,境界条件をテストしてください,キョウカイジョウケンヲテストシテクダサイ,キョウカイジョウケンヲテストシテクダサイ,0,0,OK
2,178,エラー用のネガティブテストを追加してください。,エラー用のネガティブテストを追加してください。,エラー用のネガティブテストを追加してください,エラーヨウノネガティブテストヲツイカシテクダサイ,エラーヨウノネガティブテストヲツイカシテクダサイ,0,0,OK
2,181,パフォーマンステストはレスポンス時間を確認します。,パフォーマンステストはレスポンス時間を確認します。,パフォーマンステストは、スポンス時間を確認します。,パフォーマンステストハレスポンスジカンヲカクニンシマス,パフォーマンステストハスポンスジカンヲカクニンシマス,1,1,MISMATCH
2,184,まずステージングでテストしてください。,まずステージングでテストしてください。,まずステージングでテストしてください,マズステージングデテストシテクダサイ,マズステージングデテストシテクダサイ,0,0,OK
2,185,本番でテストしないでください。,本番でテストしないでください。,本番でテストしないでください,ホンバンデテストシナイデクダサイ,ホンバンデテストシナイデクダサイ,0,0,OK
2,189,そのコミット後にビルドが壊れました。,そのコミット後にビルドが壊れました。,そのコミット後にビルドが壊れました,ソノコミットゴニビルドガコワレマシタ,ソノコミットゴニビルドガコワレマシタ,0,0,OK
3,1,問題なし！リリースOK。,問題なし！リリースオーケー。,問題なし リリースオーケー,モンダイナシリリースオーケー,モンダイナシリリースオーケー,0,0,OK
3,16,このPRは古くなっています。更新してください。,このピーアールは古くなっています。更新してください。,この PR は狂くなっています更新してください,コノピーアールハフルクナッテイマスコウシンシテクダサイ,コノハキョウクナッテイマスコウシンシテクダサイ,8,4,LIKELY_ELISION
3,26,エレガントな解決策ですね。,エレガントな解決策ですね。,エレガントな解決策ですね,エレガントナカイケツサクデスネ,エレガントナカイケツサクデスネ,0,0,OK
3,40,将来のクリーンアップのためにTODOを残してください。,将来のクリーンアップのためにトゥードゥーを残してください。,将来のクリーンアップのためにツールを残してください,ショウライノクリーンアップノタメニトゥードゥーヲノコシテクダサイ,ショウライノクリーンアップノタメニツールヲノコシテクダサイ,5,3,LIKELY_ELISION
3,43,ここでのトレードオフは何ですか？,ここでのトレードオフは何ですか？,ここでのトレードオフは何ですか,ココデノトレードオフハナンデスカ,ココデノトレードオフハナンデスカ,0,0,OK
3,44,パフォーマンスの懸念はありますか？,パフォーマンスの懸念は、ありますか？,パフォーマンスの懸念はありますか,パフォーマンスノケネンハアリマスカ,パフォーマンスノケネンハアリマスカ,0,0,OK
3,58,データアクセス層を分離してください。,データアクセス層を分離してください。,データアクセスを分離してください,データアクセスソウヲブンリシテクダサイ,データアクセスヲブンリシテクダサイ,2,2,LIKELY_ELISION
3,62,継承より合成を優先してください。,継承より合成を優先してください。,軽症より合成を優先してください。,ケイショウヨリゴウセイヲユウセンシテクダサイ,ケイショウヨリゴウセイヲユウセンシテクダサイ,0,0,OK
3,80,低結合度が望ましいです。,低結合度が望ましいです。,低血高度が望ましいです,テイケツゴウドガノゾマシイデス,テイケツコウドガノゾマシイデス,1,0,MISMATCH
3,83,SOLID原則を適用してください。,ソリッド原則を適用してください。,ソリット原則を適用してください,ソリッドゲンソクヲテキヨウシテクダサイ,ソリットゲンソクヲテキヨウシテクダサイ,1,0,MISMATCH
3,84,自分を繰り返さないでください。,自分を繰り返さないでください。,自分を繰り返さないでください,ジブンヲクリカエサナイデクダサイ,ジブンヲクリカエサナイデクダサイ,0,0,OK
3,86,必要になるまで作らないでください。,必要になるまで作らないでください。,必要になるまで作らないでください,ヒツヨウニナルマデツクラナイデクダサイ,ヒツヨウニナルマデツクラナイデクダサイ,0,0,OK
3,89,既存のライブラリを使ってください。,きそんのライブラリを使ってください。,既存のライブラリーを使ってください,キソンノライブラリヲツカッテクダサイ,キソンノライブラリーヲツカッテクダサイ,1,-1,MISMATCH
3,91,API設計をレビューしましょう。,エーピーアイ設計をレビューしましょう。,API設計をレビューしましょう。,エーピーアイセッケイヲレビューシマショウ,セッケイヲレビューシマショウ,6,6,LIKELY_ELISION
3,98,マイグレーションを慎重に計画してください。,マイグレーションを慎重に計画してください。,マイグレーションを慎重に計画してください,マイグレーションヲシンチョウニケイカクシテクダサイ,マイグレーションヲシンチョウニケイカクシテクダサイ,0,0,OK
3,100,これはグリーンフィールドプロジェクトです。,これはグリーンフィールドプロジェクトです。,これはグリーンフィールドプロジェクトです,コレハグリーンフィールドプロジェクトデス,コレハグリーンフィールドプロジェクトデス,0,0,OK
3,102,クライアントはAPIリクエストを行います。,クライアントはエーピーアイリクエストを行います。,クライアントは APIリクエストを行います,クライアントハエーピーアイリクエストヲオコナイマス,クライアントハリクエストヲオコナイマス,6,6,LIKELY_ELISION
3,108,ポッドがクラッシュし続けています。,ポッドがクラッシュし続けています。,ポットはクラッシュし続けています,ポッドガクラッシュシツヅケテイマス,ポットハクラッシュシツヅケテイマス,2,0,MISMATCH
3,111,新しいデプロイメントを作成してください。,新しいデプロイメントを作成してください。,新しいデプロイメントを作成してください,アタラシイデプロイメントヲサクセイシテクダサイ,アタラシイデプロイメントヲサクセイシテクダサイ,0,0,OK
3,117,永続化のためにボリュームをマウントしてください。,永続化のためにボリュームをマウントしてください。,映像化のためにボリュームをマウントしてください,エイゾクカノタメニボリュームヲマウントシテクダサイ,エイゾウカノタメニボリュームヲマウントシテクダサイ,1,0,MISMATCH
3,119,パイプラインがテストステージで失敗しました。,パイプラインがテストステージで失敗しました。,タイプラインがテストステージで失敗しました,パイプラインガテストステージデシッパイシマシタ,タイプラインガテストステージデシッパイシマシタ,1,0,MISMATCH
3,120,新しいビルドをトリガーしてください。,新しいビルドをトリガーしてください。,新しいビルドをトリガーしてください,アタラシイビルドヲトリガーシテクダサイ,アタラシイビルドヲトリガーシテクダサイ,0,0,OK
3,122,新しいリリースを作成してください。,新しいリリースを作成してください。,新しいリリースを作成してください,アタラシイリリースヲサクセイシテクダサイ,アタラシイリリースヲサクセイシテクダサイ,0,0,OK
3,127,フィーチャーフラグの後ろに隠してください。,フィーチャーフラグの後ろに隠してください。,フィーチャーフラグの後ろに隠してください。,フィーチャーフラグノウシロニカクシテクダサイ,フィーチャーフラグノウシロニカクシテクダサイ,0,0,OK
3,138,設定ファイルを更新してください。,設定ファイルを更新してください。,設定ファイルを更新してください。,セッテイファイルヲコウシンシテクダサイ,セッテイファイルヲコウシンシテクダサイ,0,0,OK
3,141,まずステージングにデプロイしてください。,まずステージングにデプロイしてください。,まずステージングにデプロイしてください,マズステージングニデプロイシテクダサイ,マズステージングニデプロイシテクダサイ,0,0,OK
3,144,まずローカルで実行してください。,まずローカルで実行してください。,まずローカルで実行してください,マズローカルデジッコウシテクダサイ,マズローカルデジッコウシテクダサイ,0,0,OK
3,148,ファイアウォールルールを確認してください。,ファイアウォールルールを確認してください。,ファイアウォールルールを確認してください,ファイアウォールルールヲカクニンシテクダサイ,ファイアウォールルールヲカクニンシテクダサイ,0,0,OK
3,152,ファイルをS3に保存してください。,ファイルをエススリーに保存してください。,ファイルをS3に保存してください。,ファイルヲエススリーニホゾンシテクダサイ,ファイルヲニホゾンシテクダサイ,5,5,LIKELY_ELISION
3,156,RedisにはElastiCacheを使ってください。,レディスにはエラスティキャッシュを使ってください。,レディスにはラスティキャッシュを使ってください。,レディスニハエラスティキャッシュヲツカッテクダサイ,レディスニハラスティキャッシュヲツカッテクダサイ,1,1,MISMATCH
3,158,Route 53でDNSを設定してください。,ルート 53でディーエヌエスを設定してください。,ルート53でENSを設定してください。,ルートデディーエヌエスヲセッテイシテクダサイ,ルートデヲセッテイシテクダサイ,7,7,LIKELY_ELISION
3,160,メッセージキューにはSQSを使ってください。,メッセージキューにはエスキューエスを使ってください。,メッセージ9には、sqsを使ってください。,メッセージキューニハエスキューエスヲツカッテクダサイ,メッセージニハヲツカッテクダサイ,10,10,LIKELY_ELISION
3,162,コンテナをECSにデプロイしています。,コンテナをイーシーエスにデプロイしています。,コンテナを ECS にデプロイしています,コンテナヲイーシーエスニデプロイシテイマス,コンテナヲニデプロイシテイマス,6,6,LIKELY_ELISION
3,165,このためにIAMロールを作成してください。,このためにアイエーエムロールを作成してください。,このためにIMロールを作成してください,コノタメニアイエーエムロールヲサクセイシテクダサイ,コノタメニロールヲサクセイシテクダサイ,6,6,LIKELY_ELISION
3,189,ユーザー認証にはCognitoを使ってください。,ユーザー認証にはコグニートを使ってください。,ユーザー認証にはウニートを使ってください,ユーザーニンショウニハコグニートヲツカッテクダサイ,ユーザーニンショウニハウニートヲツカッテクダサイ,2,1,MISMATCH
3,190,Step Functionsでオーケストレーションしてください。,ステップ ファンクションズでオーケストレーションしてください。,ステップファンクションズでオケストレーションしてください。,ステップファンクションズデオーケストレーションシテクダサイ,ステップファンクションズデオケストレーションシテクダサイ,1,1,MISMATCH
3,192,Kinesis経由でデータをストリーミングしてください。,キネシス経由でデータをストリーミングしてください。,キネシスケイでデータをストリーミングしてください,キネシスケイユデデータヲストリーミングシテクダサイ,キネシスケイデデータヲストリーミングシテクダサイ,1,1,MISMATCH
3,193,データウェアハウスにはRedshiftを使ってください。,データウェアハウスにはレッドシフトを使ってください。,データウェアハウスにはとシフトを使ってください,データウェアハウスニハレッドシフトヲツカッテクダサイ,データウェアハウスニハトシフトヲツカッテクダサイ,3,2,LIKELY_ELISION
3,197,CodeDeployでデプロイしてください。,コードデプロイでデプロイしてください。,このデプロイでデプロイしてください,コードデプロイデデプロイシテクダサイ,コノデプロイデデプロイシテクダサイ,2,1,MISMATCH
3,199,監査ログはCloudTrailで確認してください。,監査ログはクラウドトレイルで確認してください。,監査ログはクラウドトレールで確認してください,カンサログハクラウドトレイルデカクニンシテクダサイ,カンサログハクラウドトレールデカクニンシテクダサイ,1,0,MISMATCH
3,203,ページの読み込みが遅いです。,ページの読み込みが遅いです。,ケージの読み込みが遅いです。,ページノヨミコミガオソイデス,ケージノヨミコミガオソイデス,1,0,MISMATCH
3,214,閾値を超えたらアラートを出してください。,閾値を超えたらアラートを出してください。,行き地を超えたらアラートを出してください,シキイチヲコエタラアラートヲダシテクダサイ,イキチヲコエタラアラートヲダシテクダサイ,2,1,MISMATCH
3,220,ログでトレースIDを探してください。,ログでトレースアイディーを探してください。,ログでトレースIDを探してください,ログデトレースアイディーヲサガシテクダサイ,ログデトレースヲサガシテクダサイ,5,5,LIKELY_ELISION
3,221,インサイトのためにAPMを確認してください。,インサイトのためにエーピーエムを確認してください。,インサイトのために、APMを確認してください。,インサイトノタメニエーピーエムヲカクニンシテクダサイ,インサイトノタメニヲカクニンシテクダサイ,6,6,LIKELY_ELISION
3,243,今週はオンコールです。,今週はオンコールです。,今週はオンコールです,コンシュウハオンコールデス,コンシュウハオンコールデス,0,0,OK
4,1,レスポンスを5分間キャッシュしてください。,レスポンスを5分間キャッシュしてください。,レスポンスを5分間キャッシュしてください,レスポンスヲフンカンキャッシュシテクダサイ,レスポンスヲフンカンキャッシュシテクダサイ,0,0,OK
4,2,高いキャッシュヒット率は良いことです。,高いキャッシュヒット率は良いことです。,高いキャッシュヒット率は良いことです,タカイキャッシュヒットリツハヨイコトデス,タカイキャッシュヒットリツハヨイコトデス,0,0,OK
4,12,ローンチ前にキャッシュをウォームアップしてください。,ローンチ前にキャッシュをウォームアップしてください。,ロンチ前にキャッシュをオームアップしてください,ローンチマエニキャッシュヲウォームアップシテクダサイ,ロンチマエニキャッシュヲオームアップシテクダサイ,3,2,LIKELY_ELISION
4,30,バックアップからリストアしてください。,バックアップからリストアしてください。,バックアップからリストアしてください,バックアップカラリストアシテクダサイ,バックアップカラリストアシテクダサイ,0,0,OK
4,39,bcryptでパスワードをハッシュ化してください。,ビークリプトでパスワードをハッシュ化してください。,beeclippedでパスワードを発祝してください,ビークリプトデパスワードヲハッシュカシテクダサイ,デパスワードヲハツシュクシテクダサイ,8,6,LIKELY_ELISION
4,45,このアクションの認可を確認してください。,このアクションの認可を確認してください。,このアクションの認可を確認してください,コノアクションノニンカヲカクニンシテクダサイ,コノアクションノニンカヲカクニンシテクダサイ,0,0,OK
4,47,権限にはRBACを使ってください。,権限にはアールバックを使ってください。,権限にはアルバックを使ってください,ケンゲンニハアールバックヲツカッテクダサイ,ケンゲンニハアルバックヲツカッテクダサイ,1,1,MISMATCH
4,64,保護のためにWAFをデプロイしてください。,保護のためにワフをデプロイしてください。,保護のためにワフをデプロイしてください,ホゴノタメニワフヲデプロイシテクダサイ,ホゴノタメニワフヲデプロイシテクダサイ,0,0,OK
4,65,DDoS攻撃を受けています。,ディードス攻撃を受けています。,リードス攻撃を受けています,ディードスコウゲキヲウケテイマス,リードスコウゲキヲウケテイマス,2,1,MISMATCH
4,77,すべてのユーザーにMFAを有効にしてください。,すべてのユーザーにエムエフエーを有効にしてください。,全てのユーザーにMFAを有効にしてください。,スベテノユーザーニエムエフエーヲユウコウニシテクダサイ,スベテノユーザーニヲユウコウニシテクダサイ,6,6,LIKELY_ELISION
4,90,コンポーネントが再レンダリングされます。,コンポーネントが再レンダリングされます。,コンポーネントがサイレンダリングされます,コンポーネントガサイレンダリングサレマス,コンポーネントガサイレンダリングサレマス,0,0,OK
4,93,クリックイベントを処理してください。,クリックイベントを処理してください。,クリックイベントを処理してください,クリックイベントヲショリシテクダサイ,クリックイベントヲショリシテクダサイ,0,0,OK
4,95,イベントハンドラーを書いてください。,イベントハンドラーを書いてください。,イベントハンドラーを書いてください,イベントハンドラーヲカイテクダサイ,イベントハンドラーヲカイテクダサイ,0,0,OK
4,97,ライフサイクルメソッドを使ってください。,ライフサイクルメソッドを使ってください。,ライフサイクルメソッドを使ってください,ライフサイクルメソッドヲツカッテクダサイ,ライフサイクルメソッドヲツカッテクダサイ,0,0,OK
4,105,バンドルサイズが大きすぎます。,バンドルサイズが大きすぎます。,バンドルサイズが大きすぎます,バンドルサイズガオオキスギマス,バンドルサイズガオオキスギマス,0,0,OK
4,126,クライアント側の検証を追加してください。,クライアント側の検証を追加してください。,クライアント側の検証を追加してください,クライアントガワノケンショウヲツイカシテクダサイ,クライアントガワノケンショウヲツイカシテクダサイ,0,0,OK
4,128,確認モーダルを表示してください。,確認モーダルを表示してください。,確認モダルを表示してください,カクニンモーダルヲヒョウジシテクダサイ,カクニンモダルヲヒョウジシテクダサイ,1,1,MISMATCH
4,136,ロジックをコントローラーに移動してください。,ロジックをコントローラーに移動してください。,ロジックをコントローラーに移動してください,ロジックヲコントローラーニイドウシテクダサイ,ロジックヲコントローラーニイドウシテクダサイ,0,0,OK
4,141,リクエストにはDTOを使ってください。,リクエストにはディーティーオーを使ってください。,リクエストにはETOを使ってください,リクエストニハディーティーオーヲツカッテクダサイ,リクエストニハヲツカッテクダサイ,8,8,LIKELY_ELISION
4,142,認証ミドルウェアを追加してください。,認証ミドルウェアを追加してください。,認証ミドルウェアを追加してください,ニンショウミドルウェアヲツイカシテクダサイ,ニンショウミドルウェアヲツイカシテクダサイ,0,0,OK
4,144,認証にはガードを使ってください。,認証にはガードを使ってください。,認証にはアドを使ってください,ニンショウニハガードヲツカッテクダサイ,ニンショウニハアドヲツカッテクダサイ,2,1,MISMATCH
4,148,リクエストボディをデシリアライズしてください。,リクエストボディをデシリアライズしてください。,リクエストボディをデシリアライズしてください,リクエストボディヲデシリアライズシテクダサイ,リクエストボディヲデシリアライズシテクダサイ,0,0,OK
4,159,cronスケジューラで実行してください。,クーロンスケジューラで実行してください。,クールオンスケジューラーで実行してください,クーロンスケジューラデジッコウシテクダサイ,クールオンスケジューラーデジッコウシテクダサイ,3,-2,MISMATCH
4,165,結果を100件に制限してください。,結果を100件に制限してください。,結果を100件に制限してください,ケッカヲケンニセイゲンシテクダサイ,ケッカヲケンニセイゲンシテクダサイ,0,0,OK
4,166,ステータスでフィルタリングしてください。,ステータスでフィルタリングしてください。,ステータスでフィルタリングしてください,ステータスデフィルタリングシテクダサイ,ステータスデフィルタリングシテクダサイ,0,0,OK
4,176,イベントを発行してください。,イベントを発行してください。,イベントを発行してください,イベントヲハッコウシテクダサイ,イベントヲハッコウシテクダサイ,0,0,OK
4,178,イベントをサブスクライブしてください。,イベントをサブスクライブしてください。,イベントをサブスクライブしてください,イベントヲサブスクライブシテクダサイ,イベントヲサブスクライブシテクダサイ,0,0,OK
4,179,キューにメッセージを送信してください。,キューにメッセージを送信してください。,急にメッセージを送信してください,キューニメッセージヲソウシンシテクダサイ,キュウニメッセージヲソウシンシテクダサイ,1,0,MISMATCH
4,182,ソースからデータを抽出してください。,ソースからデータを抽出してください。,ソースからデータを抽出してください,ソースカラデータヲチュウシュツシテクダサイ,ソースカラデータヲチュウシュツシテクダサイ,0,0,OK
4,189,データウェアハウスにクエリしてください。,データウェアハウスにクエリしてください。,データウェアハウスにクエリーしてください,データウェアハウスニクエリシテクダサイ,データウェアハウスニクエリーシテクダサイ,1,-1,MISMATCH
5,11,いい指摘ですね、考えていませんでした。,いい指摘ですね、考えていませんでした。,いい指摘ですね、考えていませんでした。,イイシテキデスネカンガエテイマセンデシタ,イイシテキデスネカンガエテイマセンデシタ,0,0,OK
5,18,簡単なまとめです。,簡単なまとめです。,簡単なまとめです,カンタンナマトメデス,カンタンナマトメデス,0,0,OK
5,22,合意は取れましたか？,合意は取れましたか？,合意は取れましたか,ゴウイハトレマシタカ,ゴウイハトレマシタカ,0,0,OK
5,25,考慮すべきトレードオフがあります。,考慮すべきトレードオフがあります。,考慮すべきトレードオフがあります,コウリョスベキトレードオフガアリマス,コウリョスベキトレードオフガアリマス,0,0,OK
5,34,これはスコープ内ですか？,これはスコープ内ですか？,これはスコープないですか,コレハスコープナイデスカ,コレハスコープナイデスカ,0,0,OK
5,42,これは厳しい要件ですか？,これは厳しい要件ですか？,これは厳しい要件ですか,コレハキビシイヨウケンデスカ,コレハキビシイヨウケンデスカ,0,0,OK
5,60,ちなみに、その修正は素晴らしい仕事でした。,ちなみに、その修正は素晴らしい仕事でした。,ちなみに、その修正は素晴らしい仕事でした。,チナミニソノシュウセイハスバラシイシゴトデシタ,チナミニソノシュウセイハスバラシイシゴトデシタ,0,0,OK
5,65,明日また話しましょう。,明日また話しましょう。,明日また話しましょう,アスマタハナシマショウ,アスマタハナシマショウ,0,0,OK
5,66,今週連絡を取れますか？,今週連絡を取れますか？,今週連絡を取れますか,コンシュウレンラクヲトレマスカ,コンシュウレンラクヲトレマスカ,0,0,OK
5,67,進捗を確認しています。,進捗を確認しています。,新職を確認しています,シンチョクヲカクニンシテイマス,シンショクヲカクニンシテイマス,1,0,MISMATCH
5,68,簡単な更新です。,簡単な更新です。,簡単な更新です,カンタンナコウシンデス,カンタンナコウシンデス,0,0,OK
5,78,スレッドで続けてください。,スレッドで続けてください。,スレットで続けてください,スレッドデツヅケテクダサイ,スレットデツヅケテクダサイ,1,0,MISMATCH
5,83,同意なら絵文字でリアクトしてください。,同意なら絵文字でリアクトしてください。,同意なら絵文字でリアクトしてください,ドウイナラエモジデリアクトシテクダサイ,ドウイナラエモジデリアクトシテクダサイ,0,0,OK
5,91,午後2時に空いていますか？,午後2時に空いていますか？,午後2時に会えていますか,ゴゴジニアイテイマスカ,ゴゴジニアエテイマスカ,1,0,MISMATCH
5,98,これは非同期で処理しましょう。,これは非同期で処理しましょう。,これは非動機で処理しましょう。,コレハヒドウキデショリシマショウ,コレハヒドウキデショリシマショウ,0,0,OK
6,8,範囲には...が含まれます。,範囲には...が含まれます。,ハイニワーが含まれます,ハンイニハガフクマレマス,ハイニワーガフクマレマス,3,0,MISMATCH
6,19,こちらが主要なメトリクスです。,こちらが主要なメトリクスです。,こちらが主要なメトリクスです,コチラガシュヨウナメトリクスデス,コチラガシュヨウナメトリクスデス,0,0,OK
6,20,データが示すところによると...,データが示すところによると...。,データが示すところによると,データガシメストコロニヨルト,データガシメストコロニヨルト,0,0,OK
6,25,重要な持ち帰りは...,重要な持ち帰りは...。,重要な持ち帰りは,ジュウヨウナモチカエリハ,ジュウヨウナモチカエリハ,0,0,OK
6,29,ここまでで質問はありますか？,ここまでで質問は、ありますか？,ここまでで質問はありますか,ココマデデシツモンハアリマスカ,ココマデデシツモンハアリマスカ,0,0,OK
6,30,フィードバックをいただけると嬉しいです。,フィードバックをいただけると嬉しいです。,フィードバックをいただけると嬉しいです,フィードバックヲイタダケルトウレシイデス,フィードバックヲイタダケルトウレシイデス,0,0,OK
6,40,そのポイントに戻ると...,そのポイントに戻ると...。,そのポイントに戻ると,ソノポイントニモドルト,ソノポイントニモドルト,0,0,OK
6,41,先ほど述べたように...,先ほど述べたように...。,先ほど述べたように,サキホドノベタヨウニ,サキホドノベタヨウニ,0,0,OK
6,47,主な利点は...です。,主な利点は...です。,主な利点はです,オモナリテンハデス,オモナリテンハデス,0,0,OK
6,48,課題は...です。,課題は...です。,課題は「う」です,カダイハデス,カダイハウデス,1,-1,MISMATCH
6,57,新入社員のメンティーがいます。,新入社員のメンティーがいます。,侵入社員のメンティーがいます,シンニュウシャインノメンティーガイマス,シンニュウシャインノメンティーガイマス,0,0,OK
6,59,まだコードベースに立ち上がり中です。,まだコードベースに立ち上がり中です。,まだコードベースに立ち上がりなかです,マダコードベースニタチアガリチュウデス,マダコードベースニタチアガリナカデス,3,1,MISMATCH
6,69,OKRを更新してください。,オーケーアールを更新してください。,OKRを更新してください,オーケーアールヲコウシンシテクダサイ,ヲコウシンシテクダサイ,7,7,LIKELY_ELISION
6,74,責任をオーナーシップしてください。,責任をオーナーシップしてください。,責任をオーナーシップしてください,セキニンヲオーナーシップシテクダサイ,セキニンヲオーナーシップシテクダサイ,0,0,OK
6,95,理解するために聞いてください。,理解するために聞いてください。,理解するために聞いてください,リカイスルタメニキイテクダサイ,リカイスルタメニキイテクダサイ,0,0,OK
6,96,ユーザーに共感を示してください。,ユーザーに共感を示してください。,ユーザーに共感を示してください,ユーザーニキョウカンヲシメシテクダサイ,ユーザーニキョウカンヲシメシテクダサイ,0,0,OK
6,101,本日は弊社のクラウド移行プロジェクトについてご説明いたします。,本日は弊社のクラウド移行プロジェクトについてご説明いたします。,本日は弊社のクラウド移行プロジェクトについてご説明いたします。,ホンジツハヘイシャノクラウドイコウプロジェクトニツイテゴセツメイイタシマス,ホンジツハヘイシャノクラウドイコウプロジェクトニツイテゴセツメイイタシマス,0,0,OK
6,111,マイクロサービス化が完了しているという前提でお話しさせていただきます。,マイクロサービス化が完了しているという前提でお話しさせていただきます。,マイクロサービスから完了しているという 前提でお話させていただきます,マイクロサービスカガカンリョウシテイルトイウゼンテイデオハナシサセテイタダキマス,マイクロサービスカラカンリョウシテイルトイウゼンテイデオハナサセテイタダキマス,2,1,MISMATCH
7,8,TypeScriptを用いたフロントエンド開発の経験がございます。,タイプスクリプトを用いたフロントエンド開発の経験がございます。,タイプスクリプトを用いたフロントエンド開発の経験がございます,タイプスクリプトヲモチイタフロントエンドカイハツノケイケンガゴザイマス,タイプスクリプトヲモチイタフロントエンドカイハツノケイケンガゴザイマス,0,0,OK
7,11,APIのレスポンスタイムを40パーセント改善いたしました。,エーピーアイのレスポンスタイムを40パーセント改善いたしました。,APIのレスポンスタイムを40%改善いたしました。,エーピーアイノレスポンスタイムヲパーセントカイゼンイタシマシタ,ノレスポンスタイムヲカイゼンイタシマシタ,11,11,LIKELY_ELISION
7,20,御社のエンジニアリングカルチャーに大変魅力を感じております。,御社のエンジニアリングカルチャーに大変魅力を感じております。,音車のエンジニアリングカルチャーに 大変魅力を感じております,ゴシャノエンジニアリングカルチャーニタイヘンミリョクヲカンジテオリマス,オンシャノエンジニアリングカルチャーニタイヘンミリョクヲカンジテオリマス,2,-1,MISMATCH
7,25,エンジニアのキャリアパスについてお聞かせいただけますでしょうか。,エンジニアのキャリアパスについてお聞かせいただけますでしょうか。,エンジニアのキャリアパスについてお聞かせいただけますでしょうか,エンジニアノキャリアパスニツイテオキカセイタダケマスデショウカ,エンジニアノキャリアパスニツイテオキカセイタダケマスデショウカ,0,0,OK
7,29,現時点では経験がございませんが短期間で習得できる自信がございます。,現時点では経験がございませんが短期間で習得できる自信がございます。,現時点では経験がございませんが短期間で習得できる自信がございます,ゲンジテンデハケイケンガゴザイマセンガタンキカンデシュウトクデキルジシンガゴザイマス,ゲンジテンデハケイケンガゴザイマセンガタンキカンデシュウトクデキルジシンガゴザイマス,0,0,OK
8,8,先週のマイグレーションの影響を受けている可能性があります。,先週のマイグレーションの影響を受けている可能性があります。,先週のマイグレーションの影響を受けている可能性があります,センシュウノマイグレーションノエイキョウヲウケテイルカノウセイガアリマス,センシュウノマイグレーションノエイキョウヲウケテイルカノウセイガアリマス,0,0,OK
8,15,AとBのどちらのアプローチが良いと思いますか。,AとBのどちらのアプローチが良いと思いますか。,AとBのどちらのアプローチが良いと思いますか。,トノドチラノアプローチガヨイトオモイマスカ,トノドチラノアプローチガヨイトオモイマスカ,0,0,OK
9,6,ハルシネーションを防ぐためにファクトチェックが必要です。,ハルシネーションを防ぐためにファクトチェックが必要です。,ハルシネーションを防ぐためにファクトチェックが必要です,ハルシネーションヲフセグタメニファクトチェックガヒツヨウデス,ハルシネーションヲフセグタメニファクトチェックガヒツヨウデス,0,0,OK
9,9,人間の介入なしでエージェントを自律的に稼働させたいです。,人間の介入なしでエージェントを自律的に稼働させたいです。,人間の介入なしでエージェントを自立 的に稼働させたいです,ニンゲンノカイニュウナシデエージェントヲジリツテキニカドウサセタイデス,ニンゲンノカイニュウナシデエージェントヲジリツテキニカドウサセタイデス,0,0,OK
9,12,生成AIの回答を鵜呑みにせずレビューしてください。,生成エーアイの回答を鵜呑みにせずレビューしてください。,生成AIの回答をおのみにせずレビューしてください,セイセイエーアイノカイトウヲウノミニセズレビューシテクダサイ,セイセイノカイトウヲオノミニセズレビューシテクダサイ,5,4,LIKELY_ELISION
9,16,ファイル編集後にリンターを実行するフックを設定してください。,ファイル編集後にリンターを実行するフックを設定してください。,ファイル編集後にリンターを実行するフックを設定してください。,ファイルヘンシュウゴニリンターヲジッコウスルフックヲセッテイシテクダサイ,ファイルヘンシュウゴニリンターヲジッコウスルフックヲセッテイシテクダサイ,0,0,OK
9,19,バイブコーディングではなくテストを書いて品質を担保しましょう。,バイブコーディングではなくテストを書いて品質を担保しましょう。,バイブコーディングではなくテストを書いて品質を担保しましょう。,バイブコーディングデハナクテストヲカイテヒンシツヲタンポシマショウ,バイブコーディングデハナクテストヲカイテヒンシツヲタンポシマショウ,0,0,OK
9,24,ベクトルデータベースに社内文書を格納してRAGを構築しましょう。,ベクトルデータベースに社内文書を格納してアールエージーを構築しましょう。,ベクトルデータベースに社内文書を確認して RAZを構築しましょう。,ベクトルデータベースニシャナイブンショヲカクノウシテアールエージーヲコウチクシマショウ,ベクトルデータベースニシャナイブンショヲカクニンシテヲコウチクシマショウ,9,7,LIKELY_ELISION
9,25,RAGを使えば社内ドキュメントを参照して正確な回答を生成できます。,アールエージーを使えば社内ドキュメントを参照して正確な回答を生成できます。,RAZを使えば社内ドキュメントを参照して正確な回答を生成できます。,アールエージーヲツカエバシャナイドキュメントヲサンショウシテセイカクナカイトウヲセイセイデキマス,ヲツカエバシャナイドキュメントヲサンショウシテセイカクナカイトウヲセイセイデキマス,7,7,LIKELY_ELISION
9,29,エージェントはツール呼び出しで外部システムにアクセスできます。,エージェントはツール呼び出しで外部システムにアクセスできます。,エージェントはツール呼び出しで外部システムにアクセスできます。,エージェントハツールヨビダシデガイブシステムニアクセスデキマス,エージェントハツールヨビダシデガイブシステムニアクセスデキマス,0,0,OK
9,30,ストリーミングを有効にすると応答の体感速度が向上します。,ストリーミングを有効にすると応答の体感速度が向上します。,ストリーミングを有効にすると大当の体感速度が向上します,ストリーミングヲユウコウニスルトオウトウノタイカンソクドガコウジョウシマス,ストリーミングヲユウコウニスルトダイトウノタイカンソクドガコウジョウシマス,2,0,MISMATCH
9,42,創造的な文章には温度を高く設定し正確さが必要なら低くします。,創造的な文章には温度を高く設定し正確さが必要なら低くします。,想像的な文章には温度を高く設定し性格差が必要なら低くします。,ソウゾウテキナブンショウニハオンドヲタカクセッテイシセイカクサガヒツヨウナラヒククシマス,ソウゾウテキナブンショウニハオンドヲタカクセッテイシセイカクサガヒツヨウナラヒククシマス,0,0,OK
10,1,APIの仕様書を最新の状態に保ってください。,エーピーアイの仕様書を最新の状態に保ってください。,APIの使用書を最新の状態に保ってください,エーピーアイノシヨウショヲサイシンノジョウタイニタモッテクダサイ,ノシヨウショヲサイシンノジョウタイニタモッテクダサイ,6,6,LIKELY_ELISION
10,3,READMEに使い方の例を追加してください。,リードミーに使い方の例を追加してください。,リードミーに使い方の例を追加してください,リードミーニツカイカタノレイヲツイカシテクダサイ,リードミーニツカイカタノレイヲツイカシテクダサイ,0,0,OK
10,6,手順書を更新して新しいデプロイフローを反映させました。,手順書を更新して新しいデプロイフローを反映させました。,手順書を更新して新しいデプロイフロを反映させました,テジュンショヲコウシンシテアタラシイデプロイフローヲハンエイサセマシタ,テジュンショヲコウシンシテアタラシイデプロイフロヲハンエイサセマシタ,1,1,MISMATCH
10,9,リリースノートの解説記事を技術ブログに投稿しました。,リリースノートの解説記事を技術ブログに投稿しました。,リリースノートの解説記事を技術ブログに投稿しました。,リリースノートノカイセツキジヲギジュツブログニトウコウシマシタ,リリースノートノカイセツキジヲギジュツブログニトウコウシマシタ,0,0,OK
10,10,この記事にベンチマーク結果のまとめが載っています。,この記事にベンチマーク結果のまとめが載っています。,この記事にベンチマーク結果のまとめが載っています,コノキジニベンチマークケッカノマトメガノッテイマス,コノキジニベンチマークケッカノマトメガノッテイマス,0,0,OK
10,16,ドキュメントの目次を整理してください。,ドキュメントの目次を整理してください。,ドキュメントの目地を整理してください。,ドキュメントノモクジヲセイリシテクダサイ,ドキュメントノメジヲセイリシテクダサイ,2,1,MISMATCH
10,25,議事録は会議の翌日までに共有してください。,議事録は会議の翌日までに共有してください。,議事録は会議の翌日までに共有してください,ギジロクハカイギノヨクジツマデニキョウユウシテクダサイ,ギジロクハカイギノヨクジツマデニキョウユウシテクダサイ,0,0,OK
10,37,ドキュメントにサンプルコードを必ず含めてください。,ドキュメントにサンプルコードを必ず含めてください。,ドキュメントにサンプルコードを必ず含めてください,ドキュメントニサンプルコードヲカナラズフクメテクダサイ,ドキュメントニサンプルコードヲカナラズフクメテクダサイ,0,0,OK
10,45,チームの方針として小さく頻繁にデプロイすることにしました。,チームの方針として小さく頻繁にデプロイすることにしました。,チームの方針として小さく頻繁にデプロイすることにしました,チームノホウシントシテチイサクヒンパンニデプロイスルコトニシマシタ,チームノホウシントシテチイサクヒンパンニデプロイスルコトニシマシタ,0,0,OK
